hw,input_len,prefill_sec,prefill_sec_per_token,decode_sec_per_token
A100,128,0.04718643939344619,0.00036864405776129835,0.03382016946385702
A100,256,0.08375558617099362,0.0003271702584804438,0.03383000290569729
A100,512,0.16663810917480767,0.00032546505698204624,0.03384966978937785
A100,1024,0.33405506568089743,0.0003262256500790014,0.03388900355673896
L4,128,0.08399799323459202,0.0006562343221452502,0.059112819064585376
L4,256,0.10936252570529514,0.00042719736603630916,0.05912911206046211
L4,512,0.1690950176261035,0.0003302637063009834,0.059161698052215585
L4,1024,0.3317388621617426,0.00032396373257982675,0.05922687003572254
